Mean,Std
22.96026611328125,3.210700273513794
0.9318675994873047,0.07421377301216125
4.872136116027832,0.10404754430055618
4.916585445404053,0.1555147022008896
